[
  { "comicID": "C001", "Title": "海賊王", "Author": "尾田", "Count": 3, "Type": "冒險" },
  { "comicID": "C002", "Title": "鬼滅之刃", "Author": "吾峠呼世晴", "Count": 0, "Type": "奇幻" },
  { "comicID": "C003", "Title": "進擊的巨人", "Author": "諫山創", "Count": 5, "Type": "戰鬥" },
  { "comicID": "C004", "Title": "名偵探柯南", "Author": "青山剛昌", "Count": 2, "Type": "推理" },
  { "comicID": "C005", "Title": "灌籃高手", "Author": "井上井恵", "Count": 4, "Type": "運動" },
  { "comicID": "C006", "Title": "東京喰種", "Author": "石田翠", "Count": 3, "Type": "黑暗" },
  { "comicID": "C007", "Title": "我的英雄學院", "Author": "堀越耕平", "Count": 6, "Type": "戰鬥" },
  { "comicID": "C008", "Title": "航海王劇場版", "Author": "尾田", "Count": 1, "Type": "冒險" },
  { "comicID": "C009", "Title": "銀魂", "Author": "空知英秋", "Count": 2, "Type": "搞笑" },
  { "comicID": "C010", "Title": "一拳超人", "Author": "ONE", "Count": 3, "Type": "戰鬥" }
]
